{"ROUGE-1-R": 0.58898, "ROUGE-1-P": 0.62735, "ROUGE-1-F": 0.60571, "ROUGE-2-R": 0.24503, "ROUGE-2-P": 0.25449, "ROUGE-2-F": 0.24904, "ROUGE-L-R": 0.5601, "ROUGE-L-P": 0.59567, "ROUGE-L-F": 0.57561, "ROUGE-SU4-R": 0.30699, "ROUGE-SU4-P": 0.32184, "ROUGE-SU4-F": 0.31336}