{"ROUGE-1-R": 0.53989, "ROUGE-1-P": 0.66004, "ROUGE-1-F": 0.59379, "ROUGE-2-R": 0.25172, "ROUGE-2-P": 0.30752, "ROUGE-2-F": 0.27676, "ROUGE-L-R": 0.5242, "ROUGE-L-P": 0.64085, "ROUGE-L-F": 0.57654, "ROUGE-SU4-R": 0.30544, "ROUGE-SU4-P": 0.37319, "ROUGE-SU4-F": 0.33584}