{"ROUGE-1-R": 0.52893, "ROUGE-1-P": 0.63443, "ROUGE-1-F": 0.57601, "ROUGE-2-R": 0.20823, "ROUGE-2-P": 0.24725, "ROUGE-2-F": 0.22576, "ROUGE-L-R": 0.50878, "ROUGE-L-P": 0.6099, "ROUGE-L-F": 0.55392, "ROUGE-SU4-R": 0.26802, "ROUGE-SU4-P": 0.31903, "ROUGE-SU4-F": 0.2909}