{"ROUGE-1-R": 0.5764, "ROUGE-1-P": 0.62624, "ROUGE-1-F": 0.59087, "ROUGE-2-R": 0.26398, "ROUGE-2-P": 0.2787, "ROUGE-2-F": 0.26685, "ROUGE-L-R": 0.55178, "ROUGE-L-P": 0.59963, "ROUGE-L-F": 0.56569, "ROUGE-SU4-R": 0.32059, "ROUGE-SU4-P": 0.34119, "ROUGE-SU4-F": 0.32534}