{"ROUGE-1-R": 0.03638, "ROUGE-1-P": 0.73976, "ROUGE-1-F": 0.06886, "ROUGE-2-R": 0.01133, "ROUGE-2-P": 0.28212, "ROUGE-2-F": 0.0216, "ROUGE-L-R": 0.03425, "ROUGE-L-P": 0.69161, "ROUGE-L-F": 0.06482, "ROUGE-SU4-R": 0.01529, "ROUGE-SU4-P": 0.3456, "ROUGE-SU4-F": 0.02904}