{"ROUGE-1-R": 0.5395, "ROUGE-1-P": 0.66645, "ROUGE-1-F": 0.59621, "ROUGE-2-R": 0.234, "ROUGE-2-P": 0.28848, "ROUGE-2-F": 0.25836, "ROUGE-L-R": 0.51899, "ROUGE-L-P": 0.64089, "ROUGE-L-F": 0.57345, "ROUGE-SU4-R": 0.2831, "ROUGE-SU4-P": 0.34927, "ROUGE-SU4-F": 0.31268}